IMU,249979668248285,-0.28235307,3.4983068,8.896515,-0.35584316,3.3880386,9.19592,0.08460477,-0.038179047,-0.08185588
IMU,249979670456671,-0.28235307,3.4839497,8.82473,-0.35584316,3.3880386,9.19592,0.07849612,-0.013744458,-0.07819069
IMU,249979672665108,-0.29671,3.4648073,8.772088,-0.35584316,3.3880386,9.19592,0.051618073,0.021685699,-0.06963859
IMU,249979674873441,-0.30149564,3.4504502,8.733803,-0.35716423,3.3922794,9.194306,0.03451386,0.035124727,-0.06352994
IMU,249979677081827,-0.32063824,3.4360933,8.690732,-0.35716423,3.3922794,9.194306,0.019853106,0.04612029,-0.05986475
IMU,249979679290212,-0.32542387,3.4073794,8.685946,-0.35986993,3.3948798,9.19324,0.019853106,0.04612029,-0.05986475
IMU,249979681498546,-0.3589234,3.4121652,8.685946,-0.35986993,3.3948798,9.19324,-0.02046397,0.05222894,-0.05131264
IMU,249979683706931,-0.37806597,3.4073794,8.738588,-0.36314085,3.395361,9.192934,-0.036346454,0.051007207,-0.046425723
IMU,249979685915316,-0.41635114,3.37388,8.786445,-0.36314085,3.395361,9.192934,-0.04856375,0.04734202,-0.041538805
IMU,249979688123702,-0.42592242,3.3690944,8.834301,-0.36640218,3.3938918,9.193347,-0.060781047,0.040011644,-0.041538805
IMU,249979690332087,-0.46899325,3.37388,8.896515,-0.36640218,3.3938918,9.193347,-0.07055488,0.032681264,-0.037873615
IMU,249979692540473,-0.45942193,3.3834512,8.987442,-0.36640218,3.3938918,9.193347,-0.07910699,0.02535089,-0.036651887
IMU,249979694748858,-0.5024927,3.3643086,9.035298,-0.3691933,3.3909934,9.194305,-0.07910699,0.02535089,-0.036651887
IMU,249979696957244,-0.4881358,3.3547373,9.097511,-0.3691933,3.3909934,9.194305,-0.083993904,0.0070249448,-0.035430156
IMU,249979699165629,-0.5024927,3.3499517,9.164511,-0.37132308,3.3872185,9.19561,-0.083993904,-0.0015271619,-0.035430156
IMU,249979701374014,-0.49292147,3.359523,9.241081,-0.37132308,3.3872185,9.19561,-0.07910699,-0.008857539,-0.032986697
IMU,249979703582400,-0.49292147,3.3690944,9.303294,-0.37132308,3.3872185,9.19561,-0.07910699,-0.008857539,-0.032986697
IMU,249979705790733,-0.46899325,3.3786657,9.370294,-0.37243894,3.383252,9.197026,-0.066889696,-0.027183482,-0.034208428
IMU,249979707999119,-0.46899325,3.3930225,9.408579,-0.37241876,3.37979,9.198298,-0.058337588,-0.03573559,-0.032986697
IMU,249979710207504,-0.46899325,3.4121652,9.45165,-0.37241876,3.37979,9.198298,-0.04734202,-0.041844238,-0.032986697
IMU,249979712415889,-0.44985065,3.4169507,9.485149,-0.37241876,3.37979,9.198298,-0.032681264,-0.047952887,-0.032986697
IMU,249979714624275,-0.43070808,3.4217365,9.489935,-0.37154853,3.3774755,9.199184,-0.021685699,-0.051618073,-0.032986697
IMU,249979716832660,-0.43070808,3.455236,9.509077,-0.37154853,3.3774755,9.199184,-0.0070249448,-0.052839804,-0.03176497
IMU,249979719041046,-0.3924229,3.4600215,9.49472,-0.3700124,3.376657,9.199547,0.00763581,-0.057726722,-0.032986697
IMU,249979721249431,-0.37806597,3.4600215,9.499506,-0.3700124,3.376657,9.199547,0.018631376,-0.05894845,-0.032986697
IMU,249979723457764,-0.3589234,3.4695928,9.499506,-0.36790088,3.3773363,9.199382,0.029626941,-0.05650499,-0.034208428
IMU,249979725666150,-0.3493521,3.4648073,9.489935,-0.36790088,3.3773363,9.199382,0.038179047,-0.055283263,-0.034208428
IMU,249979727874535,-0.32063824,3.4648073,9.466006,-0.36568636,3.3790574,9.198839,0.046731155,-0.052839804,-0.035430156
IMU,249979730082921,-0.32063824,3.4648073,9.446864,-0.36568636,3.3790574,9.198839,0.047952887,-0.049174614,-0.035430156
IMU,249979732291306,-0.31106696,3.4360933,9.432507,-0.36568636,3.3790574,9.198839,0.047952887,-0.049174614,-0.035430156
IMU,249979734499691,-0.32542387,3.4504502,9.413364,-0.36369938,3.381134,9.198154,0.050396346,-0.044287696,-0.035430156
IMU,249979736708077,-0.32542387,3.426522,9.370294,-0.36369938,3.381134,9.198154,0.050396346,-0.03695732,-0.035430156
IMU,249979738916462,-0.3397808,3.4025939,9.322437,-0.36369938,3.381134,9.198154,0.050396346,-0.03695732,-0.035430156
IMU,249979741124848,-0.3397808,3.4121652,9.274581,-0.3622575,3.3833106,9.197412,0.050396346,-0.032070402,-0.035430156
IMU,249979743333233,-0.3493521,3.3786657,9.255438,-0.36111426,3.385412,9.196683,0.047952887,-0.03451386,-0.032986697
IMU,249979745541566,-0.34456646,3.3690944,9.2075815,-0.36111426,3.385412,9.196683,0.047952887,-0.03451386,-0.032986697
IMU,249979747750004,-0.35413775,3.3690944,9.15494,-0.36111426,3.385412,9.196683,0.044287696,-0.03940078,-0.034208428
IMU,249979749958337,-0.3589234,3.3547373,9.126225,-0.35987893,3.3873303,9.196025,0.044287696,-0.03940078,-0.034208428
IMU,249979752166723,-0.3397808,3.3164523,9.140582,-0.35987893,3.3873303,9.196025,0.03940078,-0.043065965,-0.035430156
IMU,249979754375108,-0.33020952,3.3020952,9.135797,-0.3584272,3.3888612,9.195518,0.03695732,-0.047952887,-0.036651887
IMU,249979756583494,-0.33020952,3.278167,9.178867,-0.3584272,3.3888612,9.195518,0.03329213,-0.049174614,-0.037873615
IMU,249979758791879,-0.30149564,3.2542388,9.174082,-0.3565562,3.389745,9.195265,0.038179047,-0.051618073,-0.040317077
IMU,249979761000264,-0.26799613,3.2446675,9.193225,-0.3565562,3.389745,9.195265,0.03940078,-0.05894845,-0.042760536
IMU,249979763208650,-0.2727818,3.225525,9.2075815,-0.3565562,3.389745,9.195265,0.03940078,-0.05894845,-0.042760536
IMU,249979765416983,-0.24885355,3.249453,9.226724,-0.35395536,3.3904274,9.195113,0.046731155,-0.06627883,-0.05131264
IMU,249979767625369,-0.2440679,3.2398818,9.226724,-0.35395536,3.3904274,9.195113,0.049174614,-0.068722285,-0.05742129
IMU,249979769833754,-0.2536392,3.225525,9.23151,-0.3509337,3.3913674,9.194882,0.055283263,-0.07116575,-0.06352994
IMU,249979772042139,-0.2632105,3.2446675,9.221938,-0.3509337,3.3913674,9.194882,0.055283263,-0.07116575,-0.068416856
IMU,249979774250525,-0.28235307,3.2638102,9.202796,-0.34808445,3.3925805,9.194544,0.057726722,-0.06994402,-0.07574723
IMU,249979776458910,-0.31106696,3.2638102,9.193225,-0.34808445,3.3925805,9.194544,0.06139191,-0.06627883,-0.08185588
IMU,249979778667296,-0.32063824,3.2638102,9.188439,-0.34610212,3.3942194,9.194014,0.05894845,-0.06017018,-0.08552107
IMU,249979780875733,-0.3493521,3.2877383,9.140582,-0.34610212,3.3942194,9.194014,0.051618073,-0.06017018,-0.08796453
IMU,249979783084066,-0.3684947,3.2973096,9.150154,-0.34493622,3.3957264,9.1935005,0.049174614,-0.057726722,-0.08918626
IMU,249979785292400,-0.45942193,3.3786657,9.174082,-0.34493622,3.3957264,9.1935005,0.043065965,-0.052839804,-0.08796453
IMU,249979787500785,-0.5838487,3.426522,9.178867,-0.34493622,3.3957264,9.1935005,0.038179047,-0.051618073,-0.08429934
IMU,249979789709171,-0.6221339,3.4648073,9.145369,-0.3453708,3.3974342,9.192853,0.03329213,-0.047952887,-0.07696896
IMU,249979791917556,-0.6556334,3.4743786,9.15494,-0.3453708,3.3974342,9.192853,0.029626941,-0.03940078,-0.067195125
IMU,249979794125941,-0.56470615,3.4313076,9.150154,-0.34697604,3.3992858,9.192107,0.025961753,-0.038179047,-0.05497783
IMU,249979796334327,-0.44506502,3.426522,9.164511,-0.34697604,3.3992858,9.192107,0.019853106,-0.043065965,-0.045203995
IMU,249979798542712,-0.36370903,3.4169507,9.19801,-0.34668744,3.4004667,9.191682,0.022296565,-0.052839804,-0.039095346
IMU,249979800751098,-0.32063824,3.4313076,9.221938,-0.34668744,3.4004667,9.191682,0.019853106,-0.0650571,-0.03176497
IMU,249979802959431,-0.32542387,3.4600215,9.255438,-0.34395278,3.4015124,9.191398,0.019853106,-0.074830934,-0.028099779
IMU,249979805167816,-0.3397808,3.4887354,9.236296,-0.34395278,3.4015124,9.191398,0.019853106,-0.0772744,-0.023212861
IMU,249979807376202,-0.37806597,3.507878,9.241081,-0.34395278,3.4015124,9.191398,0.019853106,-0.07849612,-0.020769402
IMU,249979809584587,-0.4211368,3.493521,9.265009,-0.34087527,3.402931,9.190988,0.017409647,-0.076052666,-0.023212861
IMU,249979811792973,-0.4642076,3.4839497,9.265009,-0.34087527,3.402931,9.190988,0.016187917,-0.07116575,-0.023212861
IMU,249979814001358,-0.5407779,3.4743786,9.288938,-0.33891976,3.404033,9.190652,0.014966187,-0.06627883,-0.02443459
IMU,249979816209744,-0.5694918,3.4456646,9.303294,-0.33891976,3.404033,9.190652,0.022296565,-0.057726722,-0.02687805
IMU,249979818418129,-0.60777694,3.4121652,9.312865,-0.338643,3.4049792,9.190311,0.025961753,-0.051618073,-0.02687805
IMU,249979820626462,-0.63170516,3.3786657,9.360723,-0.338643,3.4049792,9.190311,0.025961753,-0.051618073,-0.02687805
IMU,249979822834848,-0.6221339,3.3643086,9.322437,-0.33933452,3.4058535,9.189962,0.03940078,-0.041844238,-0.021991132
IMU,249979825043233,-0.5694918,3.359523,9.293723,-0.33933452,3.4058535,9.189962,0.047952887,-0.03940078,-0.019547673
IMU,249979827251619,-0.5312066,3.3643086,9.255438,-0.33933452,3.4058535,9.189962,0.054061532,-0.041844238,-0.015882485
IMU,249979829460004,-0.45942193,3.359523,9.169296,-0.33947968,3.4076424,9.189295,0.062613636,-0.046731155,-0.010995566
IMU,249979831668389,-0.4211368,3.3882368,9.15494,-0.33947968,3.4076424,9.189295,0.06627883,-0.055283263,-0.0097738365
IMU,249979833876775,-0.4019942,3.4313076,9.126225,-0.33794266,3.4105506,9.1882715,0.07116575,-0.06383537,-0.0073303776
IMU,249979836085160,-0.43070808,3.5988052,9.126225,-0.33794266,3.4105506,9.1882715,0.07238748,-0.0736092,-0.0048869182
IMU,249979838293546,-0.5168497,3.6897326,9.08794,-0.3355465,3.4152675,9.186606,0.0736092,-0.07849612,0.0012217296
IMU,249979840501879,-0.4977071,3.6227336,9.08794,-0.3355465,3.4152675,9.186606,0.074830934,-0.08093958,0.0073303776
IMU,249979842710264,-0.4642076,3.5509489,9.12144,-0.3355465,3.4152675,9.186606,0.07238748,-0.082161315,0.012217295
IMU,249979844918650,-0.4019942,3.4313076,9.174082,-0.33292964,3.420218,9.18486,0.06750056,-0.08949169,0.017104214
IMU,249979847127035,-0.3062813,3.359523,9.250652,-0.33292964,3.420218,9.18486,0.06750056,-0.0980438,0.019547673
IMU,249979849335421,-0.23928227,3.37388,9.293723,-0.33292964,3.420218,9.18486,0.06750056,-0.0980438,0.019547673
IMU,249979851543806,-0.22013968,3.3786657,9.245867,-0.32839254,3.423089,9.183954,0.068722285,-0.109039366,0.018325943
IMU,249979853752191,-0.23449662,3.397808,9.169296,-0.32209766,3.4257493,9.183185,0.06750056,-0.113926284,0.017104214
IMU,249979855960525,-0.26799613,3.3930225,9.102298,-0.32209766,3.4257493,9.183185,0.06383537,-0.11148282,0.014660755
IMU,249979858168910,-0.26799613,3.4217365,9.030513,-0.32209766,3.4257493,9.183185,0.06017018,-0.11026109,0.012217295
IMU,249979860377296,-0.29192436,3.4073794,8.997013,-0.3162909,3.4287133,9.182281,0.052839804,-0.11026109,0.0061086477
IMU,249979862585681,-0.31585258,3.4025939,9.006584,-0.3162909,3.4287133,9.182281,0.050396346,-0.11148282,0.0
IMU,249979864794066,-0.33499518,3.3882368,9.044869,-0.31110296,3.4313972,9.181455,0.047952887,-0.109039366,-0.0036651888
IMU,249979867002452,-0.34456646,3.3547373,9.107083,-0.31110296,3.4313972,9.181455,0.047952887,-0.107817635,-0.0061086477
IMU,249979869210837,-0.3397808,3.3355947,9.174082,-0.30656004,3.43339,9.180862,0.047952887,-0.10537417,-0.010995566
IMU,249979871419223,-0.32063824,3.3403804,9.178867,-0.30656004,3.43339,9.180862,0.051618073,-0.0980438,-0.0097738365
IMU,249979873627556,-0.28235307,3.3643086,9.188439,-0.30238897,3.4351153,9.180355,0.057726722,-0.09193515,-0.010995566
IMU,249979875835941,-0.22492532,3.397808,9.164511,-0.30238897,3.4351153,9.180355,0.06139191,-0.088269964,-0.0097738365
IMU,249979878044327,-0.19621146,3.426522,9.12144,-0.29796234,3.43777,9.179506,0.0650571,-0.08460477,-0.0073303776
IMU,249979880252712,-0.16749759,3.4600215,9.044869,-0.29796234,3.43777,9.179506,0.068722285,-0.082161315,-0.0073303776
IMU,249979882461098,-0.14356937,3.5174494,8.977871,-0.29796234,3.43777,9.179506,0.06750056,-0.082161315,-0.0097738365
IMU,249979884669483,-0.12921242,3.522235,8.958728,-0.29324895,3.4416335,9.17821,0.06383537,-0.08093958,-0.012217295
IMU,249979886877869,-0.12921242,3.5174494,8.906086,-0.29324895,3.4416335,9.17821,0.05894845,-0.082161315,-0.014660755
IMU,249979889086254,-0.148355,3.5318062,8.877372,-0.28848532,3.4455917,9.176877,0.051618073,-0.08093958,-0.017104214
IMU,249979891294587,-0.16749759,3.5030923,8.877372,-0.28848532,3.4455917,9.176877,0.047952887,-0.07849612,-0.017104214
IMU,249979893502973,-0.17228323,3.4983068,8.9108715,-0.28427762,3.4489102,9.175761,0.03695732,-0.0736092,-0.019547673
IMU,249979895711358,-0.18664017,3.4791641,8.949157,-0.28427762,3.4489102,9.175761,0.029626941,-0.07238748,-0.019547673
IMU,249979897919744,-0.22013968,3.4791641,8.987442,-0.28072858,3.4508638,9.175136,0.017409647,-0.06750056,-0.019547673
IMU,249979900128129,-0.23928227,3.4695928,9.01137,-0.28072858,3.4508638,9.175136,0.017409647,-0.06750056,-0.019547673
IMU,249979902336514,-0.27756742,3.4839497,9.044869,-0.28072858,3.4508638,9.175136,0.00763581,-0.05894845,-0.018325943
IMU,249979904544848,-0.27756742,3.4743786,9.059227,-0.2781194,3.4518833,9.174832,0.0051923506,-0.051618073,-0.015882485
IMU,249979906753233,-0.30149564,3.4839497,9.073584,-0.2781194,3.4518833,9.174832,0.0051923506,-0.051618073,-0.015882485
IMU,249979908961619,-0.29671,3.4983068,9.064013,-0.27622715,3.4524171,9.174688,-0.004581486,-0.045509428,-0.013439025
IMU,249979911170004,-0.29192436,3.4839497,9.083155,-0.27622715,3.4524171,9.174688,-0.0033597562,-0.03940078,-0.012217295
IMU,249979913378389,-0.29192436,3.493521,9.073584,-0.27477735,3.4527316,9.174614,-0.0070249448,-0.03695732,-0.0097738365
IMU,249979915586775,-0.28235307,3.493521,9.08794,-0.27477735,3.4527316,9.174614,-0.008246674,-0.03329213,-0.008552107
IMU,249979917795108,-0.28713873,3.493521,9.097511,-0.27355006,3.4529095,9.174583,-0.0070249448,-0.03084867,-0.0073303776
IMU,249979920003494,-0.30149564,3.4839497,9.111869,-0.27355006,3.4529095,9.174583,-0.009468404,-0.029626941,-0.0061086477
IMU,249979922211879,-0.29671,3.4887354,9.116654,-0.27355006,3.4529095,9.174583,-0.0070249448,-0.027183482,-0.0061086477
IMU,249979924420264,-0.30149564,3.493521,9.135797,-0.27256575,3.452924,9.174606,-0.0070249448,-0.027183482,-0.0061086477
IMU,249979926628650,-0.3062813,3.4983068,9.126225,-0.27256575,3.452924,9.174606,-0.010690134,-0.029626941,-0.0024434591
IMU,249979928837035,-0.32063824,3.507878,9.131011,-0.2714898,3.4529235,9.174639,-0.009468404,-0.029626941,0.0012217296
IMU,249979931045421,-0.31106696,3.5126636,9.150154,-0.2714898,3.4529235,9.174639,-0.004581486,-0.028405212,0.0012217296
IMU,249979933253806,-0.33020952,3.522235,9.140582,-0.27048418,3.4531264,9.174591,-0.009468404,-0.032070402,0.0036651888
IMU,249979935462139,-0.31585258,3.5270207,9.126225,-0.27048418,3.4531264,9.174591,-0.0070249448,-0.032070402,0.0048869182
IMU,249979937670525,-0.32063824,3.507878,9.12144,-0.27048418,3.4531264,9.174591,-0.0070249448,-0.032070402,0.0048869182
IMU,249979939878910,-0.30149564,3.5030923,9.12144,-0.2693943,3.4534404,9.174505,-0.0070249448,-0.032070402,0.0048869182
IMU,249979942087296,-0.29671,3.507878,9.12144,-0.2693943,3.4534404,9.174505,-0.009468404,-0.03329213,0.0073303776
IMU,249979944295681,-0.26799613,3.4743786,9.15494,-0.2680397,3.453561,9.1745,-0.010690134,-0.032070402,0.008552107
IMU,249979946504066,-0.26799613,3.4600215,9.159725,-0.2680397,3.453561,9.1745,-0.009468404,-0.03084867,0.0097738365
IMU,249979948712452,-0.2536392,3.4456646,9.178867,-0.26642063,3.4532309,9.174671,-0.009468404,-0.032070402,0.0097738365
IMU,249979950920785,-0.2440679,3.4504502,9.212367,-0.26642063,3.4532309,9.174671,-0.013133593,-0.03695732,0.010995566
IMU,249979953129171,-0.2105684,3.4504502,9.221938,-0.26437378,3.4525814,9.174975,-0.011911863,-0.03329213,0.013439025
IMU,249979955337556,-0.20578274,3.4360933,9.236296,-0.26437378,3.4525814,9.174975,-0.011911863,-0.03329213,0.013439025
IMU,249979957545941,-0.2105684,3.4648073,9.221938,-0.26437378,3.4525814,9.174975,-0.0058032153,-0.03329213,0.012217295
IMU,249979959754327,-0.2009971,3.4839497,9.217153,-0.26216242,3.4521556,9.175199,-0.0033597562,-0.03329213,0.010995566
IMU,249979961962660,-0.2105684,3.4695928,9.188439,-0.26216242,3.4521556,9.175199,-0.0021380268,-0.03573559,0.008552107
IMU,249979964171046,-0.20578274,3.4695928,9.202796,-0.25995624,3.4521656,9.175259,-9.162972E-4,-0.03329213,0.008552107
IMU,249979966379431,-0.2009971,3.455236,9.178867,-0.25995624,3.4521656,9.175259,3.054324E-4,-0.032070402,0.0048869182
IMU,249979968587816,-0.20578274,3.4504502,9.15494,-0.25792506,3.4522278,9.175292,3.054324E-4,-0.032070402,0.0048869182
IMU,249979970796202,-0.19621146,3.4313076,9.15494,-0.25792506,3.4522278,9.175292,0.0027488915,-0.03084867,0.0012217296
IMU,249979973004587,-0.19142582,3.426522,9.164511,-0.2559683,3.4522152,9.175352,3.054324E-4,-0.032070402,0.0
IMU,249979975212973,-0.19142582,3.4169507,9.169296,-0.2559683,3.4522152,9.175352,0.003970621,-0.032070402,0.0
IMU,249979977421358,-0.19621146,3.4025939,9.169296,-0.2559683,3.4522152,9.175352,0.0051923506,-0.032070402,-0.0024434591
IMU,249979979629691,-0.19621146,3.4025939,9.188439,-0.25401956,3.4521527,9.175429,0.00763581,-0.03084867,-0.0024434591
IMU,249979981838077,-0.2105684,3.3930225,9.188439,-0.25401956,3.4521527,9.175429,0.008857539,-0.03084867,-0.0048869182
IMU,249979984046462,-0.21535404,3.4073794,9.19801,-0.25224933,3.4521089,9.175494,0.008857539,-0.03329213,-0.0048869182
IMU,249979986254848,-0.22013968,3.4073794,9.174082,-0.25224933,3.4521089,9.175494,0.012522728,-0.03451386,-0.0048869182
IMU,249979988463233,-0.19621146,3.4025939,9.174082,-0.25043407,3.452268,9.175485,0.011300999,-0.03573559,-0.0061086477
IMU,249979990671619,-0.2105684,3.4169507,9.169296,-0.25043407,3.452268,9.175485,0.012522728,-0.03451386,-0.008552107
IMU,249979992879952,-0.21535404,3.4217365,9.15494,-0.24860573,3.452537,9.175432,0.010079269,-0.038179047,-0.010995566
IMU,249979995088337,-0.20578274,3.4217365,9.145369,-0.24860573,3.452537,9.175432,0.010079269,-0.038179047,-0.010995566
IMU,249979997296723,-0.2009971,3.4025939,9.169296,-0.24860573,3.452537,9.175432,0.008857539,-0.03940078,-0.013439025
IMU,249979999505108,-0.20578274,3.4121652,9.164511,-0.24667245,3.4526906,9.1754265,0.0051923506,-0.041844238,-0.014660755
IMU,249980001713494,-0.2105684,3.4025939,9.178867,-0.24667245,3.4526906,9.1754265,0.00763581,-0.041844238,-0.015882485
IMU,249980003921879,-0.2009971,3.4073794,9.188439,-0.24467473,3.452619,9.175508,0.003970621,-0.044287696,-0.014660755
IMU,249980006130264,-0.2105684,3.4025939,9.202796,-0.24467473,3.452619,9.175508,0.003970621,-0.045509428,-0.014660755
IMU,249980008338598,-0.21535404,3.4313076,9.193225,-0.24467473,3.452619,9.175508,0.003970621,-0.045509428,-0.014660755
IMU,249980010546983,-0.2105684,3.426522,9.193225,-0.24256691,3.4524317,9.175634,0.003970621,-0.045509428,-0.014660755
IMU,249980012755369,-0.23449662,3.4600215,9.188439,-0.24256691,3.4524317,9.175634,0.0027488915,-0.046731155,-0.013439025
IMU,249980014963754,-0.23928227,3.455236,9.183653,-0.24256691,3.4524317,9.175634,0.0027488915,-0.046731155,-0.013439025
IMU,249980017172139,-0.23449662,3.4839497,9.178867,-0.2405266,3.452444,9.175683,0.0051923506,-0.043065965,-0.012217295
IMU,249980019380525,-0.22492532,3.4839497,9.164511,-0.23870237,3.4527707,9.175609,0.003970621,-0.043065965,-0.013439025
IMU,249980021588858,-0.22013968,3.4839497,9.164511,-0.23870237,3.4527707,9.175609,0.003970621,-0.03940078,-0.013439025
IMU,249980023797244,-0.19621146,3.4695928,9.150154,-0.23698188,3.4531698,9.175503,0.0027488915,-0.03451386,-0.014660755
IMU,249980026005629,-0.18664017,3.4839497,9.145369,-0.23698188,3.4531698,9.175503,3.054324E-4,-0.032070402,-0.014660755
IMU,249980028214014,-0.17706887,3.455236,9.150154,-0.23534888,3.4533992,9.175458,3.054324E-4,-0.03084867,-0.013439025
IMU,249980030422400,-0.18664017,3.4743786,9.178867,-0.23534888,3.4533992,9.175458,3.054324E-4,-0.027183482,-0.013439025
IMU,249980032630785,-0.19142582,3.4504502,9.188439,-0.23534888,3.4533992,9.175458,-9.162972E-4,-0.024740024,-0.013439025
IMU,249980034839119,-0.18664017,3.4408789,9.15494,-0.23398754,3.4534204,9.175486,-9.162972E-4,-0.024740024,-0.013439025
IMU,249980037047504,-0.19621146,3.4600215,9.159725,-0.23398754,3.4534204,9.175486,-9.162972E-4,-0.025961753,-0.014660755
IMU,249980039255889,-0.2009971,3.4600215,9.164511,-0.23269789,3.4533894,9.1755295,-9.162972E-4,-0.025961753,-0.014660755
IMU,249980041464275,-0.22013968,3.4648073,9.131011,-0.23269789,3.4533894,9.1755295,3.054324E-4,-0.023518294,-0.015882485
IMU,249980043672660,-0.21535404,3.4504502,9.116654,-0.23170798,3.4535322,9.175501,-9.162972E-4,-0.024740024,-0.017104214
IMU,249980045881046,-0.21535404,3.455236,9.102298,-0.23170798,3.4535322,9.175501,3.054324E-4,-0.023518294,-0.018325943
IMU,249980048089379,-0.22492532,3.4408789,9.107083,-0.23088472,3.4536514,9.175476,-9.162972E-4,-0.022296565,-0.020769402
IMU,249980050297764,-0.21535404,3.4408789,9.092726,-0.23088472,3.4536514,9.175476,3.054324E-4,-0.021074835,-0.020769402
IMU,249980052506150,-0.2009971,3.4313076,9.097511,-0.23088472,3.4536514,9.175476,-0.0021380268,-0.022296565,-0.020769402
IMU,249980054714535,-0.20578274,3.4360933,9.111869,-0.23008047,3.45367,9.17549,-0.0058032153,-0.025961753,-0.020769402
IMU,249980056922921,-0.18664017,3.4504502,9.107083,-0.23008047,3.45367,9.17549,-0.009468404,-0.029626941,-0.021991132
IMU,249980059131254,-0.18664017,3.4360933,9.140582,-0.22891663,3.4533916,9.175624,-0.0070249448,-0.027183482,-0.02443459
IMU,249980061339639,-0.19621146,3.4360933,9.126225,-0.22891663,3.4533916,9.175624,-0.0070249448,-0.029626941,-0.02443459
IMU,249980063548025,-0.2105684,3.4456646,9.135797,-0.22769414,3.453017,9.175795,-0.009468404,-0.03329213,-0.02443459
IMU,249980065756410,-0.21535404,3.4600215,9.135797,-0.22769414,3.453017,9.175795,-0.008246674,-0.032070402,-0.02565632
IMU,249980067964796,-0.23449662,3.4600215,9.150154,-0.2266519,3.4527338,9.175927,-0.008246674,-0.03084867,-0.02687805
IMU,249980070173181,-0.22013968,3.4504502,9.140582,-0.2266519,3.4527338,9.175927,-0.0058032153,-0.032070402,-0.028099779
IMU,249980072381566,-0.22492532,3.4408789,9.140582,-0.2266519,3.4527338,9.175927,-0.0070249448,-0.03084867,-0.028099779
IMU,249980074589900,-0.2440679,3.4360933,9.126225,-0.22568226,3.4524548,9.176056,-0.008246674,-0.03084867,-0.028099779
IMU,249980076798285,-0.23449662,3.4456646,9.140582,-0.22500463,3.4520504,9.176225,-0.009468404,-0.024740024,-0.02687805
IMU,249980079006671,-0.23449662,3.426522,9.150154,-0.22500463,3.4520504,9.176225,-0.009468404,-0.024740024,-0.02687805
IMU,249980081215056,-0.22971097,3.4456646,9.174082,-0.22500463,3.4520504,9.176225,-0.014355322,-0.023518294,-0.02687805
IMU,249980083423441,-0.22492532,3.4408789,9.193225,-0.22444157,3.4513502,9.176502,-0.013133593,-0.021074835,-0.023212861
IMU,249980085631775,-0.23449662,3.426522,9.217153,-0.22444157,3.4513502,9.176502,-0.013133593,-0.021074835,-0.020769402
IMU,249980087840160,-0.23928227,3.4360933,9.212367,-0.22396399,3.450527,9.176824,-0.011911863,-0.018631376,-0.019547673
IMU,249980090048546,-0.26799613,3.4600215,9.221938,-0.22396399,3.450527,9.176824,-0.011911863,-0.014966187,-0.018325943
IMU,249980092256931,-0.26799613,3.4695928,9.221938,-0.22396399,3.450527,9.176824,-0.010690134,-0.017409647,-0.017104214
IMU,249980094465316,-0.27756742,3.4791641,9.2075815,-0.22388174,3.4500036,9.177022,-0.004581486,-0.014966187,-0.015882485
IMU,249980096673702,-0.2727818,3.4887354,9.183653,-0.22388174,3.4500036,9.177022,-0.0021380268,-0.013744458,-0.014660755
IMU,249980098882035,-0.2727818,3.4839497,9.183653,-0.22389974,3.4500706,9.176997,-9.162972E-4,-0.014966187,-0.014660755
IMU,249980101090421,-0.2727818,3.4887354,9.159725,-0.22389974,3.4500706,9.176997,-9.162972E-4,-0.016187917,-0.014660755
IMU,249980103298806,-0.25842485,3.4887354,9.131011,-0.22372511,3.4502928,9.176917,-0.0033597562,-0.019853106,-0.013439025
IMU,249980105507191,-0.25842485,3.4791641,9.135797,-0.22372511,3.4502928,9.176917,-0.0021380268,-0.018631376,-0.012217295
IMU,249980107715577,-0.2536392,3.4648073,9.140582,-0.22372511,3.4502928,9.176917,-9.162972E-4,-0.019853106,-0.012217295
IMU,249980109923910,-0.23449662,3.4456646,9.164511,-0.22333178,3.4504948,9.176851,0.0015271619,-0.022296565,-0.012217295
IMU,249980112132296,-0.2440679,3.4504502,9.178867,-0.22333178,3.4504948,9.176851,3.054324E-4,-0.022296565,-0.0097738365
IMU,249980114340681,-0.22971097,3.4504502,9.183653,-0.22260398,3.4504955,9.176868,-0.0033597562,-0.025961753,-0.008552107
IMU,249980116549066,-0.23449662,3.4504502,9.183653,-0.22260398,3.4504955,9.176868,-9.162972E-4,-0.024740024,-0.0097738365
IMU,249980118757452,-0.22971097,3.4408789,9.174082,-0.22166094,3.45037,9.176938,-0.0021380268,-0.027183482,-0.008552107
IMU,249980120965837,-0.2440679,3.4456646,9.178867,-0.22166094,3.45037,9.176938,-0.0021380268,-0.023518294,-0.0073303776
IMU,249980123174223,-0.2440679,3.4695928,9.135797,-0.22085068,3.450311,9.17698,-0.0021380268,-0.023518294,-0.0073303776
IMU,249980125382556,-0.24885355,3.4600215,9.131011,-0.22085068,3.450311,9.17698,3.054324E-4,-0.023518294,-0.0073303776
IMU,249980127590941,-0.2440679,3.455236,9.083155,-0.22085068,3.450311,9.17698,-0.0021380268,-0.021074835,-0.0097738365
IMU,249980129799327,-0.23449662,3.455236,9.083155,-0.220202,3.450499,9.176925,-0.004581486,-0.021074835,-0.008552107
IMU,249980132007712,-0.21535404,3.4313076,9.08794,-0.220202,3.450499,9.176925,-0.0058032153,-0.021074835,-0.0097738365
IMU,249980134216046,-0.19142582,3.4217365,9.083155,-0.21942,3.4503908,9.176985,-0.011911863,-0.023518294,-0.0097738365
IMU,249980136424431,-0.19142582,3.4121652,9.08794,-0.21942,3.4503908,9.176985,-0.010690134,-0.021074835,-0.0097738365
IMU,249980138632816,-0.17228323,3.426522,9.135797,-0.21833017,3.4498208,9.177225,-0.014355322,-0.022296565,-0.0097738365
IMU,249980140841202,-0.16749759,3.4169507,9.140582,-0.21833017,3.4498208,9.177225,-0.016798781,-0.023518294,-0.008552107
IMU,249980143049587,-0.18664017,3.4408789,9.159725,-0.21833017,3.4498208,9.177225,-0.016798781,-0.023518294,-0.008552107
IMU,249980145257973,-0.18185452,3.4313076,9.159725,-0.2171676,3.449034,9.177548,-0.014355322,-0.018631376,-0.0097738365
IMU,249980147466306,-0.19621146,3.4600215,9.169296,-0.2171676,3.449034,9.177548,-0.015577052,-0.021074835,-0.010995566
IMU,249980149674691,-0.19142582,3.4504502,9.159725,-0.21618697,3.4483652,9.177822,-0.013133593,-0.018631376,-0.0097738365
IMU,249980151883077,-0.2105684,3.455236,9.150154,-0.21618697,3.4483652,9.177822,-0.014355322,-0.016187917,-0.013439025
IMU,249980154091462,-0.20578274,3.4456646,9.159725,-0.21549438,3.4477978,9.178052,-0.015577052,-0.016187917,-0.013439025
IMU,249980156299848,-0.19621146,3.4456646,9.140582,-0.21549438,3.4477978,9.178052,-0.014355322,-0.013744458,-0.014660755
IMU,249980158508181,-0.18185452,3.4360933,9.126225,-0.21492606,3.4471436,9.178311,-0.016798781,-0.014966187,-0.017104214
IMU,249980160716566,-0.18185452,3.4217365,9.131011,-0.21492606,3.4471436,9.178311,-0.016798781,-0.014966187,-0.017104214
IMU,249980162924952,-0.16749759,3.4313076,9.169296,-0.21492606,3.4471436,9.178311,-0.016798781,-0.014966187,-0.017104214
IMU,249980165133337,-0.16749759,3.4025939,9.174082,-0.2142065,3.446292,9.178647,-0.01802051,-0.016187917,-0.017104214
IMU,249980167341775,-0.18185452,3.4217365,9.193225,-0.2142065,3.446292,9.178647,-0.01924224,-0.017409647,-0.017104214
IMU,249980169550108,-0.18664017,3.4169507,9.188439,-0.21340245,3.4451792,9.179085,-0.01924224,-0.017409647,-0.017104214
IMU,249980171758441,-0.17706887,3.4217365,9.19801,-0.21340245,3.4451792,9.179085,-0.015577052,-0.018631376,-0.020769402
IMU,249980173966827,-0.17228323,3.4217365,9.255438,-0.21262932,3.444162,9.179484,-0.014355322,-0.018631376,-0.020769402
IMU,249980176175212,-0.15792629,3.4313076,9.265009,-0.21262932,3.444162,9.179484,-0.014355322,-0.018631376,-0.021991132
IMU,249980178383598,-0.15792629,3.4360933,9.303294,-0.21179189,3.4432094,9.17986,-0.009468404,-0.014966187,-0.02443459
IMU,249980180591931,-0.17706887,3.4217365,9.288938,-0.21179189,3.4432094,9.17986,-0.008246674,-0.016187917,-0.02932151
IMU,249980182800369,-0.13878371,3.4169507,9.293723,-0.21117711,3.4423933,9.180181,-0.0058032153,-0.013744458,-0.032986697
IMU,249980185008702,-0.13399807,3.4073794,9.269794,-0.21117711,3.4423933,9.180181,-0.0021380268,-0.013744458,-0.034208428
IMU,249980187217087,-0.14356937,3.3930225,9.265009,-0.21117711,3.4423933,9.180181,-9.162972E-4,-0.014966187,-0.036651887
IMU,249980189425473,-0.11006984,3.3930225,9.250652,-0.2105186,3.4417636,9.180432,-9.162972E-4,-0.014966187,-0.036651887
IMU,249980191633858,-0.1052842,3.3882368,9.269794,-0.2105186,3.4417636,9.180432,0.0015271619,-0.013744458,-0.040317077
IMU,249980193842191,-0.10049855,3.37388,9.269794,-0.2096839,3.4413517,9.180606,0.010079269,-0.014966187,-0.046425723
IMU,249980196050577,-0.076570325,3.397808,9.245867,-0.2096839,3.4413517,9.180606,0.013744458,-0.017409647,-0.04886918
IMU,249980198258962,-0.12921242,3.3882368,9.250652,-0.20878124,3.4413612,9.180623,0.016187917,-0.019853106,-0.05253437
IMU,249980200467348,-0.13878371,3.3786657,9.241081,-0.20878124,3.4413612,9.180623,0.019853106,-0.023518294,-0.056199558
IMU,249980202675681,-0.13878371,3.3786657,9.23151,-0.20878124,3.4413612,9.180623,0.022296565,-0.023518294,-0.05864302
IMU,249980204884066,-0.13878371,3.397808,9.2075815,-0.20878124,3.4413612,9.180623,0.023518294,-0.025961753,-0.06108648
IMU,249980207092452,-0.15792629,3.4025939,9.188439,-0.20809127,3.4416537,9.180529,0.025961753,-0.024740024,-0.06352994
IMU,249980209300837,-0.17706887,3.4025939,9.188439,-0.20809127,3.4416537,9.180529,0.023518294,-0.025961753,-0.06475167
IMU,249980211509171,-0.18664017,3.4121652,9.169296,-0.20751332,3.44236,9.180277,0.024740024,-0.024740024,-0.06597339
IMU,249980213717556,-0.18185452,3.4217365,9.174082,-0.20727545,3.44318,9.1799755,0.024740024,-0.024740024,-0.06475167
IMU,249980215925941,-0.22971097,3.426522,9.169296,-0.20727545,3.44318,9.1799755,0.023518294,-0.021074835,-0.06352994
IMU,249980218134327,-0.22013968,3.4217365,9.169296,-0.20732506,3.4439633,9.179681,0.017409647,-0.025961753,-0.05986475
IMU,249980220342712,-0.24885355,3.4121652,9.188439,-0.20732506,3.4439633,9.179681,0.016187917,-0.024740024,-0.05497783
IMU,249980222551098,-0.2536392,3.4217365,9.221938,-0.20732506,3.4439633,9.179681,0.014966187,-0.023518294,-0.05253437
IMU,249980224759431,-0.26799613,3.4360933,9.183653,-0.20748278,3.4443634,9.179525,0.014966187,-0.023518294,-0.05253437
IMU,249980226967816,-0.2632105,3.4504502,9.202796,-0.20748278,3.4443634,9.179525,0.012522728,-0.023518294,-0.047647454
IMU,249980229176202,-0.28713873,3.4600215,9.2075815,-0.20776358,3.4448948,9.17932,0.013744458,-0.024740024,-0.045203995
IMU,249980231384587,-0.30149564,3.4695928,9.178867,-0.20776358,3.4448948,9.17932,0.014966187,-0.023518294,-0.043982264
IMU,249980233592921,-0.3062813,3.4791641,9.169296,-0.20814927,3.445664,9.179023,0.014966187,-0.024740024,-0.041538805
IMU,249980235801306,-0.32063824,3.4743786,9.140582,-0.20814927,3.445664,9.179023,0.016187917,-0.027183482,-0.041538805
IMU,249980238009691,-0.3062813,3.4743786,9.135797,-0.20845738,3.4466815,9.178633,0.017409647,-0.029626941,-0.041538805
IMU,249980240218077,-0.3062813,3.4695928,9.116654,-0.20845738,3.4466815,9.178633,0.013744458,-0.032070402,-0.040317077
IMU,249980242426462,-0.29671,3.455236,9.111869,-0.20845738,3.4466815,9.178633,0.014966187,-0.03329213,-0.039095346
IMU,249980244634796,-0.29192436,3.4648073,9.116654,-0.20841748,3.4475822,9.178297,0.014966187,-0.03695732,-0.037873615
IMU,249980246843181,-0.28713873,3.4648073,9.12144,-0.20841748,3.4475822,9.178297,0.014966187,-0.03940078,-0.036651887
IMU,249980249051566,-0.29192436,3.4695928,9.131011,-0.20801009,3.4485223,9.177953,0.016187917,-0.03573559,-0.034208428
IMU,249980251259952,-0.29671,3.455236,9.131011,-0.20801009,3.4485223,9.177953,0.012522728,-0.041844238,-0.03176497
IMU,249980253468337,-0.29671,3.4791641,9.116654,-0.20750271,3.449414,9.177629,0.016187917,-0.038179047,-0.03054324
IMU,249980255676723,-0.29671,3.4983068,9.097511,-0.20750271,3.449414,9.177629,0.013744458,-0.040622506,-0.028099779
IMU,249980257885056,-0.31585258,3.4983068,9.073584,-0.20750271,3.449414,9.177629,0.016187917,-0.03573559,-0.02687805
IMU,249980260093441,-0.31585258,3.5126636,9.064013,-0.20705837,3.4506352,9.17718,0.008857539,-0.038179047,-0.02443459
IMU,249980262301827,-0.32542387,3.507878,9.0544405,-0.20705837,3.4506352,9.17718,0.010079269,-0.032070402,-0.020769402
IMU,249980264510212,-0.32542387,3.4983068,9.035298,-0.20705837,3.4506352,9.17718,0.0051923506,-0.03084867,-0.017104214
IMU,249980266718546,-0.31585258,3.507878,9.040084,-0.20681643,3.4517682,9.17676,0.0015271619,-0.023518294,-0.013439025
IMU,249980268926931,-0.33020952,3.5030923,9.049655,-0.20685102,3.4525578,9.176461,-0.004581486,-0.023518294,-0.0097738365
IMU,249980271135316,-0.32063824,3.5126636,9.059227,-0.20685102,3.4525578,9.176461,-0.0070249448,-0.021074835,-0.0061086477
IMU,249980273343702,-0.32063824,3.5030923,9.078369,-0.20708218,3.4529839,9.176296,-0.0058032153,-0.013744458,-0.0036651888
IMU,249980275552087,-0.30149564,3.4887354,9.111869,-0.20708218,3.4529839,9.176296,-0.009468404,-0.013744458,0.0024434591
IMU,249980277760421,-0.31106696,3.4887354,9.140582,-0.20708218,3.4529839,9.176296,-0.011911863,-0.008857539,0.0061086477
IMU,249980279968806,-0.31585258,3.4648073,9.135797,-0.20735133,3.4529438,9.176305,-0.015577052,-0.011300999,0.010995566
IMU,249980282177191,-0.32063824,3.4743786,9.15494,-0.20735133,3.4529438,9.176305,-0.014355322,-0.008857539,0.014660755
IMU,249980284385577,-0.31106696,3.455236,9.135797,-0.20758843,3.4524908,9.17647,-0.013133593,-0.008857539,0.019547673
IMU,249980286593910,-0.28713873,3.4695928,9.107083,-0.20758843,3.4524908,9.17647,-0.010690134,-0.00641408,0.020769402
IMU,249980288802296,-0.2632105,3.4648073,9.078369,-0.20764577,3.4522238,9.176569,-0.011911863,-0.0051923506,0.020769402
IMU,249980291010681,-0.23449662,3.4504502,9.040084,-0.20764577,3.4522238,9.176569,-0.014355322,-0.00763581,0.021991132
IMU,249980293219066,-0.2009971,3.4600215,9.059227,-0.20711982,3.4519787,9.176673,-0.014355322,-0.010079269,0.021991132
IMU,249980295427452,-0.17228323,3.455236,9.064013,-0.20711982,3.4519787,9.176673,-0.015577052,-0.013744458,0.018325943
IMU,249980297635785,-0.148355,3.455236,9.083155,-0.20711982,3.4519787,9.176673,-0.015577052,-0.012522728,0.018325943
IMU,249980299844119,-0.11964113,3.455236,9.116654,-0.20588188,3.4516075,9.176841,-0.01802051,-0.013744458,0.014660755
IMU,249980302052556,-0.11006984,3.4695928,9.131011,-0.20588188,3.4516075,9.176841,-0.021685699,-0.017409647,0.013439025
IMU,249980304260941,-0.11006984,3.4743786,9.145369,-0.20588188,3.4516075,9.176841,-0.02046397,-0.016187917,0.010995566
IMU,249980306469275,-0.124426775,3.4648073,9.164511,-0.2041812,3.4509418,9.177129,-0.02046397,-0.014966187,0.0097738365
IMU,249980308677660,-0.14356937,3.4791641,9.164511,-0.20264758,3.450228,9.177431,-0.02046397,-0.014966187,0.0097738365
IMU,249980310886046,-0.15314065,3.4839497,9.169296,-0.20264758,3.450228,9.177431,-0.01802051,-0.010079269,0.0048869182
IMU,249980313094431,-0.148355,3.4887354,9.159725,-0.2016464,3.449663,9.177666,-0.01924224,-0.008857539,0.0048869182
IMU,249980315302816,-0.18664017,3.4648073,9.140582,-0.2016464,3.449663,9.177666,-0.01924224,-0.008857539,0.0048869182
IMU,249980317511150,-0.17706887,3.4695928,9.140582,-0.2016464,3.449663,9.177666,-0.01924224,-3.054324E-4,0.0048869182
IMU,249980319719535,-0.17706887,3.4600215,9.150154,-0.20124805,3.449002,9.177923,-0.021685699,9.162972E-4,0.0048869182
IMU,249980321927921,-0.17706887,3.4408789,9.15494,-0.20124805,3.449002,9.177923,-0.022907428,9.162972E-4,0.0048869182
IMU,249980324136306,-0.19142582,3.4408789,9.159725,-0.20101419,3.4480307,9.178293,-0.026572619,9.162972E-4,0.0061086477
IMU,249980326344691,-0.18185452,3.4360933,9.164511,-0.20101419,3.4480307,9.178293,-0.022907428,0.004581486,0.0073303776
IMU,249980328553025,-0.19621146,3.426522,9.19801,-0.20095032,3.446833,9.178744,-0.026572619,0.004581486,0.008552107
IMU,249980330761410,-0.23449662,3.4169507,9.202796,-0.20095032,3.446833,9.178744,-0.026572619,0.004581486,0.010995566
IMU,249980332969796,-0.2632105,3.4313076,9.202796,-0.20126174,3.4454553,9.1792555,-0.024129158,0.004581486,0.012217295
IMU,249980335178129,-0.26799613,3.4408789,9.221938,-0.20126174,3.4454553,9.1792555,-0.021685699,0.0070249448,0.012217295
IMU,249980337386514,-0.27756742,3.4408789,9.193225,-0.20126174,3.4454553,9.1792555,-0.021685699,0.0058032153,0.014660755
IMU,249980339594900,-0.28713873,3.4313076,9.188439,-0.20126174,3.4454553,9.1792555,-0.021685699,0.0058032153,0.014660755
IMU,249980341803285,-0.29671,3.4695928,9.174082,-0.20189737,3.4443605,9.179651,-0.02046397,0.004581486,0.017104214
IMU,249980344011619,-0.28235307,3.4504502,9.174082,-0.20256057,3.443445,9.17998,-0.02046397,0.0070249448,0.018325943
IMU,249980346220004,-0.27756742,3.4456646,9.159725,-0.20256057,3.443445,9.17998,-0.01924224,0.0058032153,0.018325943
IMU,249980348428389,-0.22971097,3.4648073,9.15494,-0.20303364,3.4426634,9.180263,-0.02046397,0.004581486,0.019547673
IMU,249980350636775,-0.22971097,3.4743786,9.174082,-0.20303364,3.4426634,9.180263,-0.02046397,0.0033597562,0.019547673
IMU,249980352845160,-0.21535404,3.4791641,9.178867,-0.20294027,3.4419258,9.180542,-0.02046397,0.0033597562,0.019547673
IMU,249980355053494,-0.2105684,3.4695928,9.178867,-0.20294027,3.4419258,9.180542,-0.02046397,0.0021380268,0.023212861
IMU,249980357261879,-0.18664017,3.4600215,9.19801,-0.20294027,3.4419258,9.180542,-0.02046397,9.162972E-4,0.023212861
IMU,249980359470264,-0.19621146,3.4600215,9.19801,-0.20257218,3.4411745,9.180832,-0.01924224,-3.054324E-4,0.020769402
IMU,249980361678650,-0.19142582,3.4695928,9.2075815,-0.20257218,3.4411745,9.180832,-0.016798781,-0.0015271619,0.021991132
IMU,249980363886983,-0.18664017,3.4695928,9.2075815,-0.20208162,3.4405143,9.181089,-0.016798781,-3.054324E-4,0.020769402
IMU,249980366095369,-0.18664017,3.455236,9.202796,-0.20208162,3.4405143,9.181089,-0.014355322,9.162972E-4,0.019547673
IMU,249980368303754,-0.17228323,3.455236,9.183653,-0.20162879,3.439994,9.181294,-0.011911863,0.0021380268,0.019547673
IMU,249980370512139,-0.17228323,3.455236,9.188439,-0.20162879,3.439994,9.181294,-0.013133593,9.162972E-4,0.017104214
IMU,249980372720525,-0.16271193,3.4313076,9.188439,-0.20162879,3.439994,9.181294,-0.010690134,0.0033597562,0.015882485
IMU,249980374928858,-0.16271193,3.4169507,9.183653,-0.20116428,3.4394946,9.181493,-0.013133593,0.0021380268,0.014660755
IMU,249980377137244,-0.15314065,3.3930225,9.193225,-0.20116428,3.4394946,9.181493,-0.015577052,0.0021380268,0.013439025
IMU,249980379345629,-0.17228323,3.397808,9.2075815,-0.20066482,3.438588,9.181843,-0.014355322,9.162972E-4,0.012217295
IMU,249980381554014,-0.15792629,3.3930225,9.202796,-0.20066482,3.438588,9.181843,-0.014355322,9.162972E-4,0.012217295
IMU,249980383762348,-0.16271193,3.3690944,9.19801,-0.20005885,3.4374986,9.182263,-0.015577052,-0.003970621,0.012217295
IMU,249980385970733,-0.16749759,3.3643086,9.202796,-0.20005885,3.4374986,9.182263,-0.011911863,-0.00641408,0.010995566
IMU,249980388179171,-0.148355,3.3643086,9.19801,-0.19927052,3.4363687,9.182704,-0.011911863,-0.00641408,0.0097738365
IMU,249980390387452,-0.17228323,3.3882368,9.188439,-0.19927052,3.4363687,9.182704,-0.008246674,-0.00641408,0.0097738365
IMU,249980392595837,-0.17228323,3.3786657,9.164511,-0.19927052,3.4363687,9.182704,-0.008246674,-0.008857539,0.0073303776
IMU,249980394804223,-0.17706887,3.3834512,9.145369,-0.1985276,3.435608,9.183004,-0.0070249448,-0.010079269,0.0073303776
IMU,249980397012608,-0.15792629,3.3834512,9.145369,-0.1985276,3.435608,9.183004,-0.0070249448,-0.012522728,0.0073303776
IMU,249980399220994,-0.13878371,3.3786657,9.150154,-0.1985276,3.435608,9.183004,-0.009468404,-0.013744458,0.0048869182
IMU,249980401429327,-0.13399807,3.3882368,9.111869,-0.19760875,3.4349964,9.183252,-0.013133593,-0.017409647,0.0048869182
IMU,249980403637712,-0.11485548,3.3930225,9.140582,-0.19625957,3.4342496,9.183561,-0.011911863,-0.016187917,0.0036651888
IMU,249980405846098,-0.09571291,3.3930225,9.140582,-0.19625957,3.4342496,9.183561,-0.011911863,-0.014966187,0.0036651888
IMU,249980408054483,-0.10049855,3.397808,9.178867,-0.19471882,3.4334598,9.183889,-0.014355322,-0.016187917,0.0012217296
IMU,249980410262816,-0.11006984,3.397808,9.188439,-0.19471882,3.4334598,9.183889,-0.014355322,-0.014966187,0.0024434591
IMU,249980412471202,-0.1052842,3.4121652,9.212367,-0.19471882,3.4334598,9.183889,-0.016798781,-0.016187917,0.0036651888
IMU,249980414679587,-0.11006984,3.4121652,9.221938,-0.19471882,3.4334598,9.183889,-0.016798781,-0.016187917,0.0036651888
IMU,249980416887973,-0.10049855,3.4169507,9.236296,-0.19322544,3.4325104,9.184275,-0.013133593,-0.012522728,0.0
IMU,249980419096306,-0.12921242,3.4360933,9.217153,-0.19189458,3.431655,9.184623,-0.011911863,-0.010079269,-0.0012217296
IMU,249980421304691,-0.14356937,3.426522,9.226724,-0.19189458,3.431655,9.184623,-0.009468404,-0.008857539,-0.0036651888
IMU,249980423513077,-0.13878371,3.4360933,9.23151,-0.19111545,3.431129,9.184836,-0.009468404,-0.008857539,-0.0036651888
IMU,249980425721462,-0.11964113,3.426522,9.2075815,-0.19111545,3.431129,9.184836,-0.0070249448,-0.00641408,-0.0048869182
IMU,249980427929796,-0.11964113,3.426522,9.212367,-0.1904074,3.4306827,9.185018,-0.008246674,-0.003970621,-0.0073303776
IMU,249980430138181,-0.12921242,3.4169507,9.2075815,-0.1904074,3.4306827,9.185018,-0.0070249448,-0.003970621,-0.0073303776
IMU,249980432346566,-0.14356937,3.4169507,9.221938,-0.1904074,3.4306827,9.185018,-0.0070249448,-3.054324E-4,-0.0073303776
IMU,249980434554952,-0.148355,3.4169507,9.221938,-0.18996456,3.430182,9.185213,-0.0070249448,-0.003970621,-0.008552107
IMU,249980436763285,-0.15314065,3.4313076,9.250652,-0.18996456,3.430182,9.185213,-0.0070249448,-3.054324E-4,-0.008552107
IMU,249980438971671,-0.17706887,3.4313076,9.241081,-0.18996456,3.430182,9.185213,-0.0021380268,9.162972E-4,-0.008552107
IMU,249980441180056,-0.15792629,3.4073794,9.365508,-0.18974572,3.4297297,9.185388,-0.0021380268,9.162972E-4,-0.008552107
IMU,249980443388441,-0.11006984,3.37388,10.289138,-0.18974523,3.4284878,9.185851,0.00641408,0.015577052,-0.010995566
IMU,249980445596775,0.014356935,3.4695928,10.829915,-0.18974523,3.4284878,9.185851,0.06383537,0.098654665,-0.017104214
IMU,249980447805160,0.13878371,3.723232,10.777273,-0.19476704,3.4298048,9.185253,0.14691298,0.21349724,-0.03054324
IMU,249980450013546,0.22971097,3.9146578,10.097712,-0.19476704,3.4298048,9.185253,0.23365578,0.32100943,-0.050090913
IMU,249980452221879,0.23449662,3.9768713,9.116654,-0.19476704,3.4298048,9.185253,0.29474226,0.3808742,-0.06597339
IMU,249980454430264,0.13878371,3.9146578,8.336594,-0.20835835,3.444654,9.179398,0.32039857,0.3857611,-0.07574723
IMU,249980456638650,-0.07178468,3.7423747,7.987242,-0.20835835,3.444654,9.179398,0.31062475,0.35033095,-0.07819069
IMU,249980458847035,-0.32542387,3.4887354,8.025527,-0.22414233,3.4637086,9.171852,0.2764163,0.29901832,-0.07208204
IMU,249980461055421,-0.5694918,3.2446675,8.250452,-0.22414233,3.4637086,9.171852,0.23487751,0.25747952,-0.05864302
IMU,249980463263754,-0.70348984,3.1058838,8.504091,-0.22414233,3.4637086,9.171852,0.18845178,0.228158,-0.040317077
IMU,249980465472139,-0.74177504,3.1058838,8.743374,-0.23941667,3.4749146,9.167226,0.14813471,0.2159407,-0.020769402
IMU,249980467680525,-0.6843473,3.1441689,8.867801,-0.23941667,3.4749146,9.167226,0.11148282,0.2122755,-0.0024434591
IMU,249980469888910,-0.5886344,3.196811,8.9348,-0.23941667,3.4749146,9.167226,0.11148282,0.2122755,-0.0024434591
IMU,249980472097244,-0.47856453,3.2829528,8.925228,-0.25342396,3.4793644,9.165162,0.06017018,0.20494513,0.020769402
IMU,249980474305629,-0.34456646,3.3643086,8.867801,-0.26480046,3.4813263,9.164094,0.06017018,0.20494513,0.020769402
IMU,249980476514014,-0.23928227,3.426522,8.79123,-0.26480046,3.4813263,9.164094,0.022296565,0.18051054,0.032986697
IMU,249980478722400,-0.148355,3.4648073,8.700303,-0.27235693,3.4828272,9.163302,0.003970621,0.15485422,0.03054324
IMU,249980480930733,-0.12921242,3.4695928,8.690732,-0.27235693,3.4828272,9.163302,-0.014355322,0.12797616,0.02565632
IMU,249980483139119,-0.148355,3.455236,8.662018,-0.27629647,3.4831614,9.163058,-0.033902995,0.09498947,0.021991132
IMU,249980485347504,-0.16271193,3.4217365,8.724232,-0.27629647,3.4831614,9.163058,-0.054672398,0.057115857,0.014660755
IMU,249980487555837,-0.20578274,3.4025939,8.829515,-0.27629647,3.4831614,9.163058,-0.07299834,0.021685699,0.0097738365
IMU,249980489764223,-0.2727818,3.3882368,8.968299,-0.2771228,3.4808831,9.163898,-0.08888082,-0.010079269,0.0061086477
IMU,249980491972608,-0.29671,3.3690944,9.092726,-0.2771228,3.4808831,9.163898,-0.10231985,-0.03940078,0.0024434591
IMU,249980494180994,-0.32542387,3.3547373,9.2075815,-0.27566418,3.4759798,9.165804,-0.110871956,-0.06750056,0.0024434591
IMU,249980496389327,-0.34456646,3.3499517,9.298509,-0.27566418,3.4759798,9.165804,-0.116980605,-0.09560034,0.0024434591
IMU,249980498597712,-0.36370903,3.3643086,9.379865,-0.27181926,3.4694834,9.168379,-0.11942407,-0.11759147,0.0024434591
IMU,249980500806098,-0.3589234,3.3882368,9.446864,-0.27181926,3.4694834,9.168379,-0.11942407,-0.11759147,0.0024434591
IMU,249980503014431,-0.3397808,3.4025939,9.475577,-0.27181926,3.4694834,9.168379,-0.116980605,-0.13469568,0.0036651888
IMU,249980505222816,-0.33499518,3.4217365,9.480363,-0.2660066,3.4627507,9.171095,-0.11942407,-0.16523892,0.0036651888
IMU,249980507431202,-0.34456646,3.4217365,9.499506,-0.2660066,3.4627507,9.171095,-0.11575887,-0.17501275,0.0024434591
IMU,249980509639587,-0.33499518,3.4121652,9.485149,-0.25873458,3.4562168,9.173767,-0.11575887,-0.18356487,0.0024434591
IMU,249980511847973,-0.33499518,3.4121652,9.470792,-0.25873458,3.4562168,9.173767,-0.11453715,-0.19456044,0.0
IMU,249980514056306,-0.32063824,3.4121652,9.461221,-0.25873458,3.4562168,9.173767,-0.11209369,-0.20189081,-0.0012217296
IMU,249980516264691,-0.3062813,3.4313076,9.456435,-0.25054452,3.4498532,9.17639,-0.10720677,-0.20677772,-0.0024434591
IMU,249980518473077,-0.30149564,3.4408789,9.442079,-0.24163821,3.4440873,9.178795,-0.10109812,-0.20922118,-0.0048869182
IMU,249980520681410,-0.2727818,3.4695928,9.4229355,-0.24163821,3.4440873,9.178795,-0.09376775,-0.21532984,-0.012217295
IMU,249980522889796,-0.26799613,3.4648073,9.38465,-0.23230037,3.4394245,9.180784,-0.08643737,-0.21777329,-0.018325943
IMU,249980525098181,-0.2727818,3.4600215,9.346365,-0.23230037,3.4394245,9.180784,-0.07788526,-0.21777329,-0.023212861
IMU,249980527306514,-0.26799613,3.4648073,9.3511505,-0.23230037,3.4394245,9.180784,-0.06811142,-0.21899502,-0.03176497
IMU,249980529514900,-0.2632105,3.4600215,9.355937,-0.22315116,3.4358556,9.182346,-0.06811142,-0.21899502,-0.03176497
IMU,249980531723285,-0.2632105,3.4313076,9.346365,-0.22315116,3.4358556,9.182346,-0.04367683,-0.205556,-0.037873615
IMU,249980533931671,-0.2536392,3.4169507,9.312865,-0.21478379,3.4334154,9.183458,-0.029016078,-0.19089524,-0.040317077
IMU,249980536140056,-0.22492532,3.4169507,9.274581,-0.21478379,3.4334154,9.183458,-0.016798781,-0.17623448,-0.039095346
IMU,249980538348389,-0.19621146,3.397808,9.226724,-0.20763884,3.4322865,9.184045,-0.0058032153,-0.15913028,-0.035430156
IMU,249980540556775,-0.19142582,3.4073794,9.183653,-0.20763884,3.4322865,9.184045,0.0027488915,-0.1395826,-0.03176497
IMU,249980542765160,-0.2009971,3.397808,9.126225,-0.20763884,3.4322865,9.184045,0.010079269,-0.120034926,-0.02565632
